feature,n_finite,n_total,mean,std,min,max,corr_with_label,p_value
hr_mean,9309,9309,78.50232431688326,10.837094930790673,24.06110344307637,124.65854279795384,-0.014671218789128386,0.15694784427078057
SDNN,9309,9309,123.29717415120861,451.93665622634603,11.448596419705765,19565.944896682093,0.005110955383535428,0.6219715200263242
RMSSD,9309,9309,129.39212294971142,615.527562346088,4.948919405151848,22893.083950180237,0.004390536857231636,0.6718881751153164
pNN50,9309,9309,20.21995787976017,23.21218761759933,0.0,100.0,0.06479182306354465,3.923146554928956e-10
VLF,9309,9309,,0.0,,,,
LF,9309,9309,0.03465753014918753,0.016454814050201327,0.0005678487691890649,0.06839716163720065,-0.00567322702876043,0.584171431170672
HF,9309,9309,0.031180066822632618,0.02731107269735509,0.0001610103286701406,0.19201430586036203,0.05630146894037182,5.457383540027335e-08
LF_HF,9309,9309,2.131373026573679,2.2241869928895475,0.03984191623942315,33.93784009374802,-0.00013347940755387087,0.9897260955290531
TP,9309,9309,0.067756898834203,0.036350666742285355,0.0010513571480178997,0.2770337317155385,0.03905817433624658,0.00016364816608146015
sample_entropy,9309,9309,1.5140260724755796,0.49991470003745,-0.0,3.7612001156935624,-0.0032844061590575147,0.7513588019883695
DFA_alpha1,9309,9309,1.2417864831673606,0.30413521379514313,-0.1329915816610794,2.070169070951344,-0.03484289103401999,0.0007729004472438951
DFA_alpha2,9309,9309,,0.0,,,,
