sid,real_id,level,label,kept,drop_reason,signal_rows,n_windows,empty_ecg_windows,eda_requested,eda_present,eda_cleaning_ok,face_requested,face_present,face_status,face_windows_with_data,stage,n_features,n_kept_windows
103000,103,0,0,True,,454466,14,0,True,True,True,True,True,present,14,ok,43,14
103001,103,1,0,True,,454467,14,0,True,True,True,True,True,present,14,ok,43,14
119000,119,0,0,True,,236052,6,0,True,True,True,True,True,present,6,ok,43,6
119002,119,2,0,True,,236052,6,0,True,True,True,True,True,present,6,ok,43,6
120000,120,0,1,True,,193271,5,0,True,True,True,True,True,present,5,ok,43,5
120001,120,1,0,True,,193272,5,0,True,True,True,True,True,present,5,ok,43,5
120002,120,2,0,True,,193272,5,0,True,True,True,True,True,present,5,ok,43,5
136000,136,0,0,True,,209985,5,0,True,True,True,True,True,present,5,ok,43,5
136001,136,1,1,True,,209986,5,0,True,True,True,True,True,present,5,ok,43,5
136002,136,2,0,True,,209985,5,0,True,True,True,True,True,present,5,ok,43,5
141000,141,0,1,True,,178511,4,0,True,True,True,True,True,present,4,ok,43,4
141001,141,1,1,True,,178510,4,0,True,True,True,True,True,present,4,ok,43,4
141002,141,2,1,True,,178511,4,0,True,True,True,True,True,present,4,ok,43,4
148000,148,0,1,True,,205774,5,0,True,True,True,True,True,present,5,ok,43,5
148001,148,1,0,True,,205773,5,0,True,True,True,True,True,present,5,ok,43,5
148002,148,2,0,True,,205774,5,0,True,True,True,True,True,present,5,ok,43,5
153000,153,0,1,True,,322098,9,0,True,True,True,True,True,present,9,ok,43,9
153001,153,1,1,True,,322099,9,0,True,True,True,True,True,present,9,ok,43,9
153002,153,2,0,True,,322099,9,0,True,True,True,True,True,present,9,ok,43,9
157000,157,0,1,True,,223682,6,0,True,True,True,True,True,present,6,ok,43,6
157001,157,1,0,True,,223682,6,0,True,True,True,True,True,present,6,ok,43,6
157002,157,2,1,True,,223682,6,0,True,True,True,True,True,present,6,ok,43,6
161000,161,0,1,True,,192771,5,0,True,True,True,True,True,present,5,ok,43,5
161001,161,1,1,True,,192772,5,0,True,True,True,True,True,present,5,ok,43,5
161002,161,2,0,True,,192771,5,0,True,True,True,True,True,present,5,ok,43,5
170000,170,0,1,True,,227479,6,0,True,True,True,True,True,present,6,ok,43,6
170001,170,1,1,True,,227480,6,0,True,True,True,True,True,present,6,ok,43,6
170002,170,2,1,True,,227480,6,0,True,True,True,True,True,present,6,ok,43,6
175000,175,0,1,True,,188943,5,0,True,True,True,True,True,present,5,ok,43,5
175001,175,1,0,True,,188943,5,0,True,True,True,True,True,present,5,ok,43,5
181000,181,0,0,True,,253799,7,0,True,True,True,True,True,present,7,ok,43,7
181001,181,1,0,True,,253800,7,0,True,True,True,True,True,present,7,ok,43,7
181002,181,2,0,True,,253799,7,0,True,True,True,True,True,present,7,ok,43,7
193000,193,0,1,True,,196258,5,0,True,True,True,True,True,present,5,ok,43,5
193001,193,1,1,True,,196258,5,0,True,True,True,True,True,present,5,ok,43,5
193002,193,2,0,True,,196257,5,0,True,True,True,True,True,present,5,ok,43,5
195000,195,0,1,True,,171080,4,0,True,True,True,True,True,present,4,ok,43,4
195001,195,1,1,True,,171081,4,0,True,True,True,True,True,present,4,ok,43,4
200000,200,0,1,True,,202254,5,0,True,True,True,True,True,present,5,ok,43,5
200001,200,1,0,True,,202253,5,0,True,True,True,True,True,present,5,ok,43,5
200002,200,2,1,True,,202254,5,0,True,True,True,True,True,present,5,ok,43,5
202000,202,0,1,True,,121029,3,0,True,True,True,True,True,present,3,ok,43,3
202001,202,1,1,True,,121030,3,0,True,True,True,True,True,present,3,ok,43,3
208000,208,0,0,True,,179447,4,0,True,True,True,True,True,present,4,ok,43,4
208001,208,1,0,True,,179447,4,0,True,True,True,True,True,present,4,ok,43,4
208002,208,2,0,True,,179447,4,0,True,True,True,True,True,present,4,ok,43,4
211000,211,0,1,True,,261954,7,0,True,True,True,True,True,present,7,ok,43,7
211001,211,1,1,True,,261955,7,0,True,True,True,True,True,present,7,ok,43,7
211002,211,2,0,True,,261954,7,0,True,True,True,True,True,present,7,ok,43,7
222000,222,0,0,True,,162714,4,0,True,True,True,True,True,present,4,ok,43,4
222001,222,1,1,True,,162714,4,0,True,True,True,True,True,present,4,ok,43,4
222002,222,2,0,True,,162714,4,0,True,True,True,True,True,present,4,ok,43,4
223000,223,0,0,True,,149995,3,0,True,True,True,True,True,present,3,ok,43,3
223001,223,1,1,True,,149996,3,0,True,True,True,True,True,present,3,ok,43,3
223002,223,2,0,True,,149995,3,0,True,True,True,True,True,present,3,ok,43,3
228000,228,0,1,True,,250081,7,0,True,True,True,True,True,present,7,ok,43,7
228001,228,1,1,True,,250081,7,0,True,True,True,True,True,present,7,ok,43,7
228002,228,2,1,True,,250081,7,0,True,True,True,True,True,present,7,ok,43,7
230000,230,0,0,True,,147622,3,0,True,True,True,True,True,present,3,ok,43,3
230001,230,1,0,True,,147622,3,0,True,True,True,True,True,present,3,ok,43,3
230002,230,2,0,True,,147622,3,0,True,True,True,True,True,present,3,ok,43,3
236000,236,0,1,True,,177755,4,0,True,True,True,True,True,present,4,ok,43,4
236001,236,1,1,True,,177756,4,0,True,True,True,True,True,present,4,ok,43,4
236002,236,2,0,True,,177755,4,0,True,True,True,True,True,present,4,ok,43,4
246000,246,0,1,True,,213207,6,0,True,True,True,True,True,present,6,ok,43,6
246001,246,1,1,True,,213206,6,0,True,True,True,True,True,present,6,ok,43,6
246002,246,2,1,True,,213207,6,0,True,True,True,True,True,present,6,ok,43,6
249000,249,0,1,True,,191521,5,0,True,True,True,True,True,present,5,ok,43,5
249001,249,1,1,True,,191521,5,0,True,True,True,True,True,present,5,ok,43,5
249002,249,2,1,True,,191521,5,0,True,True,True,True,True,present,5,ok,43,5
256000,256,0,0,True,,124261,3,0,True,True,True,True,True,present,3,ok,43,3
256001,256,1,0,True,,124260,3,0,True,True,True,True,True,present,3,ok,43,3
256002,256,2,0,True,,124261,3,0,True,True,True,True,True,present,3,ok,43,3
267000,267,0,0,True,,216369,6,0,True,True,True,True,True,present,6,ok,43,6
267001,267,1,1,True,,216368,6,0,True,True,True,True,True,present,6,ok,43,6
267002,267,2,0,True,,216368,6,0,True,True,True,True,True,present,6,ok,43,6
275000,275,0,0,True,,363225,11,0,True,True,True,True,True,present,11,ok,43,11
275001,275,1,0,True,,363225,11,0,True,True,True,True,True,present,11,ok,43,11
314000,314,0,1,False,no_ecg_or_empty_signal,0,0,0,False,False,False,False,False,present,0,dropped_in_feature_extraction,0,0
314001,314,1,0,False,no_ecg_or_empty_signal,0,0,0,False,False,False,False,False,present,0,dropped_in_feature_extraction,0,0
318000,318,0,0,True,,203273,5,0,True,True,True,True,True,present,5,ok,43,5
318001,318,1,0,True,,203273,5,0,True,True,True,True,True,present,5,ok,43,5
318002,318,2,0,True,,203273,5,0,True,True,True,True,True,present,5,ok,43,5
320000,320,0,0,True,,248392,7,0,True,True,True,True,True,present,7,ok,43,7
320001,320,1,1,True,,248392,7,0,True,True,True,True,True,present,7,ok,43,7
320002,320,2,1,True,,248392,7,0,True,True,True,True,True,present,7,ok,43,7
322000,322,0,0,True,,179367,4,0,True,True,True,True,True,present,4,ok,43,4
322001,322,1,1,True,,179366,4,0,True,True,True,True,True,present,4,ok,43,4
330000,330,0,1,True,,195902,5,0,True,True,True,True,True,present,5,ok,43,5
330001,330,1,1,True,,195902,5,0,True,True,True,True,True,present,5,ok,43,5
330002,330,2,0,True,,195902,5,0,True,True,True,True,True,present,5,ok,43,5
333000,333,0,0,True,,187328,5,0,True,True,True,True,True,present,5,ok,43,5
333001,333,1,1,True,,187328,5,0,True,True,True,True,True,present,5,ok,43,5
333002,333,2,0,True,,187328,5,0,True,True,True,True,True,present,5,ok,43,5
336000,336,0,1,True,,244525,7,0,True,True,True,True,True,present,7,ok,43,7
336001,336,1,1,True,,244526,7,0,True,True,True,True,True,present,7,ok,43,7
336002,336,2,0,True,,244525,7,0,True,True,True,True,True,present,7,ok,43,7
340000,340,0,1,True,,264072,7,0,True,True,True,True,True,present,7,ok,43,7
340001,340,1,1,True,,264072,7,0,True,True,True,True,True,present,7,ok,43,7
340002,340,2,1,True,,264073,7,0,True,True,True,True,True,present,7,ok,43,7
348000,348,0,0,True,,201600,5,0,True,True,True,True,True,present,5,ok,43,5
348001,348,1,1,True,,201599,5,0,True,True,True,True,True,present,5,ok,43,5
348002,348,2,0,True,,201600,5,0,True,True,True,True,True,present,5,ok,43,5
356000,356,0,1,True,,329921,9,0,True,True,True,True,True,present,9,ok,43,9
356001,356,1,1,True,,329921,9,0,True,True,True,True,True,present,9,ok,43,9
356002,356,2,1,True,,329922,9,0,True,True,True,True,True,present,9,ok,43,9
370000,370,0,1,True,,112591,2,0,True,True,True,True,True,present,2,ok,43,2
370001,370,1,0,True,,112591,2,0,True,True,True,True,True,present,2,ok,43,2
370002,370,2,0,True,,112590,2,0,True,True,True,True,True,present,2,ok,43,2
375000,375,0,0,True,,204524,5,0,True,True,True,True,True,present,5,ok,43,5
375001,375,1,1,True,,204524,5,0,True,True,True,True,True,present,5,ok,43,5
375002,375,2,0,True,,204525,5,0,True,True,True,True,True,present,5,ok,43,5
383000,383,0,1,True,,204593,5,0,True,True,True,True,True,present,5,ok,43,5
383001,383,1,1,True,,204593,5,0,True,True,True,True,True,present,5,ok,43,5
383002,383,2,0,True,,204593,5,0,True,True,True,True,True,present,5,ok,43,5
388000,388,0,0,True,,191611,5,0,True,True,True,True,True,present,5,ok,43,5
388001,388,1,0,True,,191611,5,0,True,True,True,True,True,present,5,ok,43,5
391000,391,0,1,True,,240886,7,0,True,True,True,True,True,present,7,ok,43,7
391001,391,1,1,True,,240886,7,0,True,True,True,True,True,present,7,ok,43,7
391002,391,2,1,True,,240885,7,0,True,True,True,True,True,present,7,ok,43,7
403000,403,0,1,True,,234150,6,0,True,True,True,True,True,present,6,ok,43,6
403001,403,1,0,True,,234150,6,0,True,True,True,True,True,present,6,ok,43,6
403002,403,2,0,True,,234151,6,0,True,True,True,True,True,present,6,ok,43,6
404000,404,0,1,True,,173196,4,0,True,True,True,True,True,present,4,ok,43,4
404001,404,1,1,True,,173197,4,0,True,True,True,True,True,present,4,ok,43,4
404002,404,2,0,True,,173196,4,0,True,True,True,True,True,present,4,ok,43,4
405000,405,0,1,True,,210246,6,0,True,True,True,True,True,present,6,ok,43,6
405001,405,1,1,True,,210246,6,0,True,True,True,True,True,present,6,ok,43,6
405002,405,2,1,True,,210247,6,0,True,True,True,True,True,present,6,ok,43,6
407000,407,0,1,True,,187791,5,0,True,True,True,True,True,present,5,ok,43,5
407001,407,1,1,True,,187791,5,0,True,True,True,True,True,present,5,ok,43,5
407002,407,2,1,True,,187791,5,0,True,True,True,True,True,present,5,ok,43,5
410000,410,0,0,True,,280239,8,0,True,True,True,True,True,present,8,ok,43,8
410001,410,1,0,True,,280240,8,0,True,True,True,True,True,present,8,ok,43,8
410002,410,2,0,True,,280239,8,0,True,True,True,True,True,present,8,ok,43,8
431000,431,0,0,False,no_ecg_or_empty_signal,0,0,0,False,False,False,False,False,present,0,dropped_in_feature_extraction,0,0
431001,431,1,1,False,no_ecg_or_empty_signal,0,0,0,False,False,False,False,False,present,0,dropped_in_feature_extraction,0,0
431002,431,2,0,False,no_ecg_or_empty_signal,0,0,0,False,False,False,False,False,present,0,dropped_in_feature_extraction,0,0
444000,444,0,0,True,,274712,8,0,True,True,True,True,True,present,8,ok,43,8
444001,444,1,1,True,,274712,8,0,True,True,True,True,True,present,8,ok,43,8
444002,444,2,0,True,,274712,8,0,True,True,True,True,True,present,8,ok,43,8
456000,456,0,0,True,,223042,6,0,True,True,True,True,True,present,6,ok,43,6
456001,456,1,0,True,,223043,6,0,True,True,True,True,True,present,6,ok,43,6
457000,457,0,0,True,,182341,5,0,True,True,True,True,True,present,5,ok,43,5
457001,457,1,1,True,,182340,5,0,True,True,True,True,True,present,5,ok,43,5
465000,465,0,1,True,,165278,4,0,True,True,True,True,True,present,4,ok,43,4
465001,465,1,0,True,,165277,4,0,True,True,True,True,True,present,4,ok,43,4
465002,465,2,0,True,,165278,4,0,True,True,True,True,True,present,4,ok,43,4
502000,502,0,0,True,,188530,5,0,True,True,True,True,True,present,5,ok,43,5
502001,502,1,0,True,,188531,5,0,True,True,True,True,True,present,5,ok,43,5
502002,502,2,0,True,,188530,5,0,True,True,True,True,True,present,5,ok,43,5
503000,503,0,0,True,,234036,6,0,True,True,True,True,True,present,6,ok,43,6
503001,503,1,0,True,,234036,6,0,True,True,True,True,True,present,6,ok,43,6
503002,503,2,0,True,,234037,6,0,True,True,True,True,True,present,6,ok,43,6
504000,504,0,0,True,,186932,5,0,True,True,True,True,True,present,5,ok,43,5
504001,504,1,1,True,,186932,5,0,True,True,True,True,True,present,5,ok,43,5
504002,504,2,0,True,,186933,5,0,True,True,True,True,True,present,5,ok,43,5
553000,553,0,0,False,no_ecg_or_empty_signal,0,0,0,False,False,False,False,False,present,0,dropped_in_feature_extraction,0,0
553001,553,1,0,False,no_ecg_or_empty_signal,0,0,0,False,False,False,False,False,present,0,dropped_in_feature_extraction,0,0
553002,553,2,0,False,no_ecg_or_empty_signal,0,0,0,False,False,False,False,False,present,0,dropped_in_feature_extraction,0,0
555000,555,0,1,False,no_ecg_or_empty_signal,0,0,0,False,False,False,False,False,present,0,dropped_in_feature_extraction,0,0
555001,555,1,0,False,no_ecg_or_empty_signal,0,0,0,False,False,False,False,False,present,0,dropped_in_feature_extraction,0,0
555002,555,2,0,False,no_ecg_or_empty_signal,0,0,0,False,False,False,False,False,present,0,dropped_in_feature_extraction,0,0
556000,556,0,0,True,,189434,5,0,True,True,True,True,True,present,5,ok,43,5
556001,556,1,0,True,,189434,5,0,True,True,True,True,True,present,5,ok,43,5
556002,556,2,0,True,,189434,5,0,True,True,True,True,True,present,5,ok,43,5
560000,560,0,1,True,,228988,6,0,True,True,True,True,True,present,6,ok,43,6
560001,560,1,1,True,,228988,6,0,True,True,True,True,True,present,6,ok,43,6
560002,560,2,1,True,,228988,6,0,True,True,True,True,True,present,6,ok,43,6
568000,568,0,0,True,,254571,7,0,True,True,True,True,True,present,7,ok,43,7
568001,568,1,1,True,,254571,7,0,True,True,True,True,True,present,7,ok,43,7
568002,568,2,0,True,,254571,7,0,True,True,True,True,True,present,7,ok,43,7
570000,570,0,1,True,,208542,5,0,True,True,True,True,True,present,5,ok,43,5
570001,570,1,1,True,,208541,5,0,True,True,True,True,True,present,5,ok,43,5
572000,572,0,1,True,,187994,5,0,True,True,True,True,True,present,5,ok,43,5
572001,572,1,1,True,,187994,5,0,True,True,True,True,True,present,5,ok,43,5
572002,572,2,0,True,,187994,5,0,True,True,True,True,True,present,5,ok,43,5
575000,575,0,1,True,,193408,5,0,True,True,True,True,True,present,5,ok,43,5
575001,575,1,0,True,,193407,5,0,True,True,True,True,True,present,5,ok,43,5
575002,575,2,0,True,,193408,5,0,True,True,True,True,True,present,5,ok,43,5
576000,576,0,1,True,,180149,5,0,True,True,True,True,True,present,5,ok,43,5
576001,576,1,1,True,,180149,5,0,True,True,True,True,True,present,5,ok,43,5
576002,576,2,0,True,,180149,5,0,True,True,True,True,True,present,5,ok,43,5
577000,577,0,1,True,,241642,7,0,True,True,True,True,True,present,7,ok,43,7
577001,577,1,1,True,,241643,7,0,True,True,True,True,True,present,7,ok,43,7
577002,577,2,1,True,,241642,7,0,True,True,True,True,True,present,7,ok,43,7
589000,589,0,1,True,,311427,9,0,True,True,True,True,True,present,9,ok,43,9
589001,589,1,1,True,,311426,9,0,True,True,True,True,True,present,9,ok,43,9
589002,589,2,0,True,,311427,9,0,True,True,True,True,True,present,9,ok,43,9
603000,603,0,1,True,,394603,12,0,True,True,True,True,True,present,12,ok,43,12
603001,603,1,1,True,,394603,12,0,True,True,True,True,True,present,12,ok,43,12
608000,608,0,1,True,,173428,4,0,True,True,True,True,True,present,4,ok,43,4
608001,608,1,0,True,,173427,4,0,True,True,True,True,True,present,4,ok,43,4
608002,608,2,0,True,,173428,4,0,True,True,True,True,True,present,4,ok,43,4
614000,614,0,1,True,,181213,5,0,True,True,True,True,True,present,5,ok,43,5
614001,614,1,0,True,,181213,5,0,True,True,True,True,True,present,5,ok,43,5
614002,614,2,0,True,,181213,5,0,True,True,True,True,True,present,5,ok,43,5
621000,621,0,0,True,,235374,6,0,True,True,True,True,True,present,6,ok,43,6
621001,621,1,0,True,,235375,6,0,True,True,True,True,True,present,6,ok,43,6
621002,621,2,0,True,,235374,6,0,True,True,True,True,True,present,6,ok,43,6
644000,644,0,1,True,,239401,6,0,True,True,True,True,True,present,6,ok,43,6
644001,644,1,1,True,,239402,6,0,True,True,True,True,True,present,6,ok,43,6
644002,644,2,1,True,,239401,6,0,True,True,True,True,True,present,6,ok,43,6
653000,653,0,0,True,,183170,5,0,True,True,True,True,True,present,5,ok,43,5
653001,653,1,0,True,,183170,5,0,True,True,True,True,True,present,5,ok,43,5
653002,653,2,0,True,,183170,5,0,True,True,True,True,True,present,5,ok,43,5
665000,665,0,1,True,,177105,4,0,True,True,True,True,True,present,4,ok,43,4
665001,665,1,1,True,,177106,4,0,True,True,True,True,True,present,4,ok,43,4
665002,665,2,0,True,,177105,4,0,True,True,True,True,True,present,4,ok,43,4
667000,667,0,1,True,,181235,5,0,True,True,True,True,True,present,5,ok,43,5
667001,667,1,1,True,,181234,5,0,True,True,True,True,True,present,5,ok,43,5
667002,667,2,0,True,,181234,5,0,True,True,True,True,True,present,5,ok,43,5
668000,668,0,1,False,no_ecg_or_empty_signal,0,0,0,False,False,False,False,False,present,0,dropped_in_feature_extraction,0,0
672000,672,0,1,True,,211171,6,0,True,True,True,True,True,present,6,ok,43,6
672001,672,1,1,True,,211170,6,0,True,True,True,True,True,present,6,ok,43,6
672002,672,2,0,True,,211170,6,0,True,True,True,True,True,present,6,ok,43,6
676000,676,0,1,True,,196643,5,0,True,True,True,True,True,present,5,ok,43,5
676001,676,1,1,True,,196642,5,0,True,True,True,True,True,present,5,ok,43,5
683000,683,0,1,True,,199439,5,0,True,True,True,True,True,present,5,ok,43,5
683001,683,1,1,True,,199440,5,0,True,True,True,True,True,present,5,ok,43,5
683002,683,2,1,True,,199439,5,0,True,True,True,True,True,present,5,ok,43,5
688000,688,0,0,True,,268598,7,0,True,True,True,True,True,present,7,ok,43,7
688001,688,1,0,True,,268598,7,0,True,True,True,True,True,present,7,ok,43,7
688002,688,2,0,True,,268598,7,0,True,True,True,True,True,present,7,ok,43,7
700000,700,0,1,True,,234937,6,0,True,True,True,True,True,present,6,ok,43,6
700001,700,1,0,True,,234937,6,0,True,True,True,True,True,present,6,ok,43,6
700002,700,2,0,True,,234937,6,0,True,True,True,True,True,present,6,ok,43,6
721000,721,0,1,True,,263523,7,0,True,True,True,True,True,present,7,ok,43,7
721001,721,1,1,True,,263523,7,0,True,True,True,True,True,present,7,ok,43,7
721002,721,2,0,True,,263523,7,0,True,True,True,True,True,present,7,ok,43,7
758000,758,0,1,True,,188355,5,0,True,True,True,True,True,present,5,ok,43,5
758001,758,1,1,True,,188355,5,0,True,True,True,True,True,present,5,ok,43,5
778000,778,0,0,True,,231677,6,0,True,True,True,True,True,present,6,ok,43,6
778001,778,1,1,True,,231676,6,0,True,True,True,True,True,present,6,ok,43,6
778002,778,2,0,True,,231677,6,0,True,True,True,True,True,present,6,ok,43,6
790000,790,0,1,True,,192040,5,0,True,True,True,True,True,present,5,ok,43,5
790001,790,1,1,True,,192039,5,0,True,True,True,True,True,present,5,ok,43,5
790002,790,2,1,True,,192040,5,0,True,True,True,True,True,present,5,ok,43,5
797000,797,0,0,True,,204946,5,0,True,True,True,True,True,present,5,ok,43,5
797001,797,1,0,True,,204947,5,0,True,True,True,True,True,present,5,ok,43,5
797002,797,2,0,True,,204946,5,0,True,True,True,True,True,present,5,ok,43,5
812000,812,0,0,True,,210478,6,0,True,True,True,True,True,present,6,ok,43,6
812001,812,1,0,True,,210478,6,0,True,True,True,True,True,present,6,ok,43,6
812002,812,2,0,True,,210478,6,0,True,True,True,True,True,present,6,ok,43,6
817000,817,0,1,True,,276641,8,0,True,True,True,True,True,present,8,ok,43,8
817001,817,1,1,True,,276641,8,0,True,True,True,True,True,present,8,ok,43,8
817002,817,2,1,True,,276641,8,0,True,True,True,True,True,present,8,ok,43,8
821000,821,0,0,False,no_ecg_or_empty_signal,0,0,0,False,False,False,False,False,present,0,dropped_in_feature_extraction,0,0
821001,821,1,1,False,no_ecg_or_empty_signal,0,0,0,False,False,False,False,False,present,0,dropped_in_feature_extraction,0,0
821002,821,2,0,False,no_ecg_or_empty_signal,0,0,0,False,False,False,False,False,present,0,dropped_in_feature_extraction,0,0
829000,829,0,1,True,,190679,5,0,True,True,True,True,True,present,5,ok,43,5
829001,829,1,1,True,,190679,5,0,True,True,True,True,True,present,5,ok,43,5
829002,829,2,1,True,,190679,5,0,True,True,True,True,True,present,5,ok,43,5
854000,854,0,0,True,,234165,6,2,True,True,True,True,True,present,6,ok,43,6
854001,854,1,0,True,,234165,6,1,True,True,True,True,True,present,6,ok,43,6
854002,854,2,1,True,,234165,6,0,True,True,True,True,True,present,6,ok,43,6
869000,869,0,1,True,,247153,7,0,True,True,True,True,True,present,7,ok,43,7
869001,869,1,1,True,,247154,7,0,True,True,True,True,True,present,7,ok,43,7
869002,869,2,0,True,,247153,7,0,True,True,True,True,True,present,7,ok,43,7
900000,900,0,1,True,,134320,3,0,True,True,True,True,True,present,3,ok,43,3
900001,900,1,1,True,,134319,3,0,True,True,True,True,True,present,3,ok,43,3
900002,900,2,1,True,,134320,3,0,True,True,True,True,True,present,3,ok,43,3
911000,911,0,1,True,,263299,7,0,True,True,True,True,True,present,7,ok,43,7
911001,911,1,1,True,,263298,7,0,True,True,True,True,True,present,7,ok,43,7
915000,915,0,1,True,,222363,6,0,True,True,True,True,True,present,6,ok,43,6
915001,915,1,1,True,,222362,6,0,True,True,True,True,True,present,6,ok,43,6
915002,915,2,1,True,,222363,6,0,True,True,True,True,True,present,6,ok,43,6
920000,920,0,1,True,,166282,4,0,True,True,True,True,True,present,4,ok,43,4
920001,920,1,1,True,,166283,4,0,True,True,True,True,True,present,4,ok,43,4
920002,920,2,0,True,,166282,4,0,True,True,True,True,True,present,4,ok,43,4
938000,938,0,1,True,,181402,5,0,True,True,True,True,True,present,5,ok,43,5
938001,938,1,0,True,,181402,5,0,True,True,True,True,True,present,5,ok,43,5
938002,938,2,0,True,,181401,5,0,True,True,True,True,True,present,5,ok,43,5
948000,948,0,1,True,,216478,6,0,True,True,True,True,True,present,6,ok,43,6
948001,948,1,1,True,,216479,6,0,True,True,True,True,True,present,6,ok,43,6
948002,948,2,1,True,,216478,6,0,True,True,True,True,True,present,6,ok,43,6
959000,959,0,0,True,,219054,6,0,True,True,True,True,True,present,6,ok,43,6
959001,959,1,0,True,,219054,6,0,True,True,True,True,True,present,6,ok,43,6
959002,959,2,0,True,,219055,6,0,True,True,True,True,True,present,6,ok,43,6
969000,969,0,1,True,,205128,5,0,True,True,True,True,True,present,5,ok,43,5
969001,969,1,1,True,,205128,5,0,True,True,True,True,True,present,5,ok,43,5
969002,969,2,1,True,,205128,5,0,True,True,True,True,True,present,5,ok,43,5
977000,977,0,1,True,,205071,5,0,True,True,True,True,True,present,5,ok,43,5
977001,977,1,1,True,,205071,5,0,True,True,True,True,True,present,5,ok,43,5
977002,977,2,0,True,,205071,5,0,True,True,True,True,True,present,5,ok,43,5
997000,997,0,1,True,,145780,3,0,True,True,True,True,True,present,3,ok,43,3
997001,997,1,1,True,,145780,3,0,True,True,True,True,True,present,3,ok,43,3
997002,997,2,0,True,,145780,3,0,True,True,True,True,True,present,3,ok,43,3
