experiment,best_model,accuracy,f1_macro,auc,n,grid_search_model,grid_search_auc,grid_search_params,extreme_model,extreme_auc,extreme_n
setup_01_biraffe2_ecg_baseline,CNN1D,0.3939393939393939,0.3833056478405315,0.290204081632653,99,,,,LSTM,0.5272727272727273,47
setup_01_biraffe2_ecg_baseline_avg_levels,LSTM,0.494949494949495,0.4886363636363636,0.3893877551020408,99,,,,CNN1D,0.29000000000000004,40
setup_01c_biraffe2_ecg_levels_as_subjects,CNN1D,0.5384615384615384,0.5278672032193159,0.5559500328731097,247,,,,MLP,0.4952725250278086,120
setup_01d_drop_unreliable_60s_features,LSTM,0.5050505050505051,0.4881291547958215,0.3955102040816327,99,,,,LSTM,0.30519480519480524,43
setup_01e_per_subject_normalization,CNN1D,0.4607843137254901,0.4263217097862767,0.3769230769230769,102,,,,CNN1D,0.525879917184265,44
setup_01f_shorter_step,CNN1D,0.494949494949495,0.4860880398671097,0.4012244897959183,99,,,,LSTM,0.31818181818181823,43
setup_01g_levels_as_subjects_per_subject_norm,MLP,0.5254988913525499,0.5246552403467297,0.5394352290679305,451,,,,MLP,0.49059561128526646,226
setup_02_label_margin_01,CNN1D,0.4239130434782608,0.3922472890439985,0.3347619047619047,92,,,,LSTM,0.5272727272727273,47
setup_03_without_time_distortion,MLP,0.5769230769230769,0.5676884938629905,0.5869539269515398,260,,,,MLP,0.43012422360248453,102
setup_04_no_zscore,CNN1D,0.3939393939393939,0.3833056478405315,0.290204081632653,99,,,,LSTM,0.5272727272727273,47
setup_05_no_outlier,CNN1D,0.3823529411764705,0.3794302269435056,0.3096153846153846,102,,,,CNN1D,0.4156521739130435,48
setup_06_full_multimodal,CNN1D,0.5641025641025641,0.5535353535353535,0.5608648648648649,273,RandomForest,0.6227477477477478,"{'n_estimators': 100, 'max_depth': None, 'min_samples_split': 2, 'min_samples_leaf': 1, 'class_weight': 'balanced'}",LSTM,0.6049052396878483,134
setup_07_5min_window,CNN1D,0.4111111111111111,0.3893227499679938,0.2915019762845849,90,,,,MLP,0.5324675324675325,43
setup_09_heartpy,MLP,0.42,0.4084047327621379,0.376,100,,,,MLP,0.4054545454545454,47
setup_11_raw_geq_without_time_distortion,MLP,0.5769230769230769,0.5676884938629905,0.5869539269515398,260,LogisticRegression,0.5823596792668957,"{'C': 0.01, 'penalty': 'l2', 'solver': 'lbfgs', 'max_iter': 1000, 'class_weight': 'balanced'}",MLP,0.43012422360248453,102
setup_12_biraffe2_baseline_correction,MLP,0.6278026905829597,0.6270527312659937,0.6765037897113368,223,RandomForest,0.681296992481203,"{'n_estimators': 100, 'max_depth': 10, 'min_samples_split': 2, 'min_samples_leaf': 1, 'class_weight': 'balanced'}",MLP,0.7303443794671864,111
