experiment,best_model,accuracy,f1_macro,auc,n
setup_01_biraffe2_ecg_baseline_avg_levels_real_level_times,RandomForest,0.45454545454545453,0.4531505728314239,0.3804081632653061,99
setup_01_biraffe2_ecg_baseline_real_level_times,RandomForest,0.40404040404040403,0.38805657412257727,0.35632653061224495,99
setup_01c_biraffe2_ecg_levels_as_subjects_real_level_times,RandomForest,0.5398230088495575,0.5249413857223705,0.5583762376237624,226
setup_01d_drop_unreliable_60s_features_real_level_times,RandomForest,0.43434343434343436,0.4338235294117647,0.37755102040816324,99
setup_01e_per_subject_normalization_real_level_times,RandomForest,0.5,0.49607672188317353,0.47230769230769226,102
setup_01f_shorter_step_real_level_times,RandomForest,0.45454545454545453,0.4540441176470588,0.4106122448979592,99
setup_01g_levels_as_subjects_per_subject_norm_real_level_times,RandomForest,0.5398230088495575,0.5249413857223705,0.5583762376237624,226
setup_02_label_margin_01_real_level_times,RandomForest,0.44565217391304346,0.41518135360837594,0.38428571428571423,92
setup_03_without_time_distortion_real_level_times,RandomForest,0.6120689655172413,0.5931727846621464,0.5548682703321879,232
setup_04_no_zscore_real_level_times,RandomForest,0.3939393939393939,0.38330564784053156,0.3569387755102041,99
setup_05_no_outlier_real_level_times,RandomForest,0.45098039215686275,0.44565217391304346,0.3992307692307692,102
setup_06_full_multimodal_real_level_times,RandomForest,0.6231343283582089,0.6101003990032121,0.6222972972972973,268
setup_07_5min_window_real_level_times,RandomForest,0.34444444444444444,0.3304753498928256,0.24036561264822132,90
setup_09_heartpy_real_level_times,RandomForest,0.42,0.41976790716286516,0.374,100
setup_11_raw_geq_without_time_distortion_real_level_times,LogisticRegression,0.5474137931034483,0.5455139088415828,0.5757159221076746,232
setup_12_biraffe2_baseline_correction_real_level_times,RandomForest,0.6183574879227053,0.6166037558905587,0.6640037593984962,207
