setup,equal_model,equal_auc,equal_n,real_model,real_auc,real_n,equal_extreme_model,equal_extreme_auc,equal_extreme_n,real_extreme_model,real_extreme_auc,real_extreme_n
setup_01c_biraffe2_ecg_levels_as_subjects,RandomForest,0.6279092702169625,247,RandomForest,0.5583762376237624,226,MLP,0.4952725250278086,120,CNN1D,0.4313479623824451,113
setup_01g_levels_as_subjects_per_subject_norm,RandomForest,0.5704893867924528,452,RandomForest,0.5583762376237624,226,MLP,0.49059561128526646,226,CNN1D,0.4313479623824451,113
setup_02_label_margin_01,RandomForest,0.3842857142857142,92,RandomForest,0.3842857142857142,92,LSTM,0.5272727272727273,47,LSTM,0.5272727272727273,47
setup_03_without_time_distortion,RandomForest,0.6251492002864645,260,RandomForest,0.5548682703321879,232,MLP,0.43012422360248453,102,MLP,0.45770676691729323,94
setup_06_full_multimodal,RandomForest,0.6168648648648649,273,RandomForest,0.6222972972972973,268,LSTM,0.6049052396878483,134,LSTM,0.5341280972417017,131
setup_07_5min_window,RandomForest,0.2403656126482213,90,RandomForest,0.2403656126482213,90,MLP,0.5324675324675325,43,MLP,0.5324675324675325,43
setup_09_heartpy,RandomForest,0.374,100,RandomForest,0.374,100,MLP,0.4054545454545454,47,MLP,0.4054545454545454,47
setup_11_raw_geq_without_time_distortion,RandomForest,0.6251492002864645,260,RandomForest,0.5757159221076746,232,MLP,0.43012422360248453,102,MLP,0.45770676691729323,94
setup_12_biraffe2_baseline_correction,SVM,0.6756974681502983,223,RandomForest,0.6640037593984962,207,MLP,0.7303443794671864,111,MLP,0.7236746550472041,105
