experiment,model,auc,group,importance_mean,importance_std,n_features,top_feature,top_feature_score
setup_01_biraffe2_ecg_baseline,RandomForest,0.35632653061224495,ECG,0.0001655037778116342,0.003976243170111319,12,hr_mean,0.005232309550674024
setup_01_biraffe2_ecg_baseline_avg_levels,RandomForest,0.3804081632653061,ECG,0.0038017599560555442,0.00413343595501141,12,SDNN,0.012208271140107745
setup_01_biraffe2_ecg_baseline_avg_levels_real_level_times,RandomForest,0.3804081632653061,ECG,0.0038017599560555442,0.00413343595501141,12,SDNN,0.012208271140107745
setup_01_biraffe2_ecg_baseline_real_level_times,RandomForest,0.35632653061224495,ECG,0.0001655037778116342,0.003976243170111319,12,hr_mean,0.005232309550674024
setup_01c_biraffe2_ecg_levels_as_subjects,RandomForest,0.6279092702169625,ECG,0.006747438721122933,0.004468176969515879,12,RMSSD,0.015055996634944002
setup_01c_biraffe2_ecg_levels_as_subjects,SVM,0.5850756081525312,ECG,0.000205391586970534,0.0028879361549754654,12,DFA_alpha1,0.00683021656705867
setup_01c_biraffe2_ecg_levels_as_subjects,kNN,0.6051939513477975,ECG,0.0011458595011226583,0.003173867056376666,12,DFA_alpha1,0.0057807397281081484
setup_01c_biraffe2_ecg_levels_as_subjects,LogisticRegression,0.5717948717948718,ECG,0.0023989022673233207,0.00803577596277224,12,TP,0.023431159483791066
setup_01c_biraffe2_ecg_levels_as_subjects,XGBoost,0.6211045364891519,ECG,0.003812736970631708,0.004371294887193946,12,pNN50,0.012521513574145155
setup_01c_biraffe2_ecg_levels_as_subjects_real_level_times,RandomForest,0.5583762376237624,ECG,-0.0013834004336997574,0.0039284697754868505,12,RMSSD,0.003977287389572658
setup_01c_biraffe2_ecg_levels_as_subjects_real_level_times,SVM,0.5530693069306931,ECG,-0.0023389977505672453,0.004092834163590151,12,HF,0.006417488174385623
setup_01c_biraffe2_ecg_levels_as_subjects_real_level_times,kNN,0.5173861386138614,ECG,-0.0030946160188742183,0.0044377767517889315,12,HF,0.0033168347067357986
setup_01c_biraffe2_ecg_levels_as_subjects_real_level_times,LogisticRegression,0.5195247524752475,ECG,0.0031056563214293567,0.006668726973870328,12,LF,0.019793461209390413
setup_01c_biraffe2_ecg_levels_as_subjects_real_level_times,XGBoost,0.5100990099009901,ECG,0.00016241535567407551,0.003817773041300204,12,HF,0.007131106934594702
setup_01d_drop_unreliable_60s_features,RandomForest,0.37755102040816324,ECG,-0.005222706934232507,0.00487255641455826,5,sample_entropy,0.00010130027202224306
setup_01d_drop_unreliable_60s_features,LogisticRegression,0.3738775510204081,ECG,-0.013421985986237131,0.01352022689542093,5,hr_mean,-0.0004177264715394404
setup_01d_drop_unreliable_60s_features,XGBoost,0.37224489795918364,ECG,-0.0027819497314816857,0.005423355011183726,5,sample_entropy,0.002818937567871754
setup_01d_drop_unreliable_60s_features_real_level_times,RandomForest,0.37755102040816324,ECG,-0.005222706934232507,0.00487255641455826,5,sample_entropy,0.00010130027202224306
setup_01d_drop_unreliable_60s_features_real_level_times,LogisticRegression,0.3738775510204081,ECG,-0.013421985986237131,0.01352022689542093,5,hr_mean,-0.0004177264715394404
setup_01d_drop_unreliable_60s_features_real_level_times,XGBoost,0.37224489795918364,ECG,-0.0027819497314816857,0.005423355011183726,5,sample_entropy,0.002818937567871754
setup_01e_per_subject_normalization,RandomForest,0.47230769230769226,ECG,0.002320067172099149,0.004705726348596616,12,RMSSD,0.010290363273571055
setup_01e_per_subject_normalization,LogisticRegression,0.4530769230769231,ECG,-0.003066882434841846,0.002567946340188959,12,hr_mean,0.0013990795655770161
setup_01e_per_subject_normalization,XGBoost,0.4257692307692308,ECG,-0.0038577378937272038,0.003893840946275174,12,hr_mean,0.00150893013220903
setup_01e_per_subject_normalization_real_level_times,RandomForest,0.47230769230769226,ECG,0.002320067172099149,0.004705726348596616,12,RMSSD,0.010290363273571055
setup_01e_per_subject_normalization_real_level_times,LogisticRegression,0.4530769230769231,ECG,-0.003066882434841846,0.002567946340188959,12,hr_mean,0.0013990795655770161
setup_01e_per_subject_normalization_real_level_times,XGBoost,0.4257692307692308,ECG,-0.0038577378937272038,0.003893840946275174,12,hr_mean,0.00150893013220903
setup_01f_shorter_step,RandomForest,0.4106122448979592,ECG,0.0006010564296287245,0.002822815708979328,12,HF,0.0032232629611639654
setup_01f_shorter_step,LogisticRegression,0.396734693877551,ECG,-0.01192493977061491,0.016325924650013042,12,hr_mean,0.0016209330804698517
setup_01f_shorter_step,XGBoost,0.3657142857142857,ECG,-0.000922486065652071,0.002551341997178245,12,sample_entropy,0.0014312351796772972
setup_01f_shorter_step_real_level_times,RandomForest,0.4106122448979592,ECG,0.0006010564296287245,0.002822815708979328,12,HF,0.0032232629611639654
setup_01f_shorter_step_real_level_times,LogisticRegression,0.396734693877551,ECG,-0.01192493977061491,0.016325924650013042,12,hr_mean,0.0016209330804698517
setup_01f_shorter_step_real_level_times,XGBoost,0.3657142857142857,ECG,-0.000922486065652071,0.002551341997178245,12,sample_entropy,0.0014312351796772972
setup_01g_levels_as_subjects_per_subject_norm,RandomForest,0.5704893867924528,ECG,-0.0009107669616519177,0.0037843386999108324,12,LF_HF,0.005545722713864307
setup_01g_levels_as_subjects_per_subject_norm,LogisticRegression,0.5422562893081762,ECG,0.0018018682399213372,0.003759361702051232,12,TP,0.01327433628318584
setup_01g_levels_as_subjects_per_subject_norm,XGBoost,0.5510809748427672,ECG,0.00047689282202556554,0.0043248490684495685,12,HF,0.010449852507374633
setup_01g_levels_as_subjects_per_subject_norm_real_level_times,RandomForest,0.5583762376237624,ECG,-0.0013834004336997574,0.0039284697754868505,12,RMSSD,0.003977287389572658
setup_01g_levels_as_subjects_per_subject_norm_real_level_times,LogisticRegression,0.5195247524752475,ECG,0.0031056563214293567,0.006668726973870328,12,LF,0.019793461209390413
setup_01g_levels_as_subjects_per_subject_norm_real_level_times,XGBoost,0.5100990099009901,ECG,0.00016241535567407551,0.003817773041300204,12,HF,0.007131106934594702
setup_02_label_margin_01,RandomForest,0.38428571428571423,ECG,-0.0024009979609599234,0.003241178297133214,12,TP,0.0012424008455755387
setup_02_label_margin_01_real_level_times,RandomForest,0.38428571428571423,ECG,-0.0024009979609599234,0.003241178297133214,12,TP,0.0012424008455755387
setup_03_without_time_distortion,RandomForest,0.6251492002864645,ECG,5.5467680467680015e-05,0.0036282364684460514,12,pNN50,0.007101287601287601
setup_03_without_time_distortion_real_level_times,RandomForest,0.5548682703321879,ECG,0.0033171663531208016,0.003781221150186914,12,pNN50,0.00945807935291135
setup_04_no_zscore,RandomForest,0.3569387755102041,ECG,0.0013414349084828808,0.0037759950631462017,12,hr_mean,0.007371539659261177
setup_04_no_zscore_real_level_times,RandomForest,0.3569387755102041,ECG,0.0013414349084828808,0.0037759950631462017,12,hr_mean,0.007371539659261177
setup_05_no_outlier,RandomForest,0.3992307692307692,ECG,0.0005021720579545742,0.002275030667188431,12,hr_mean,0.005950545490164249
setup_05_no_outlier_real_level_times,RandomForest,0.3992307692307692,ECG,0.0005021720579545742,0.002275030667188431,12,hr_mean,0.005950545490164249
setup_06_full_multimodal,RandomForest,0.6168648648648649,FACE,0.0018963819249533536,0.00221316075731415,25,CONTEMPT_mean,0.006953575525004096
setup_06_full_multimodal,RandomForest,0.6168648648648649,ECG,0.0037374772493820115,0.0026131346192795574,12,DFA_alpha1,0.007307401593115878
setup_06_full_multimodal,RandomForest,0.6168648648648649,EDA,0.003972751234655997,0.002664171741771614,6,SCL_std,0.007849240706383563
setup_06_full_multimodal_real_level_times,RandomForest,0.6222972972972973,FACE,0.0017390597696128865,0.0021100230240008546,25,SADNESS_max,0.005081453031409134
setup_06_full_multimodal_real_level_times,RandomForest,0.6222972972972973,ECG,0.0013787731701789508,0.0017068759993165447,12,LF_HF,0.004115563671730207
setup_06_full_multimodal_real_level_times,RandomForest,0.6222972972972973,EDA,0.0021811443399516964,0.001630987630787472,6,SCL_std,0.005295694189980498
setup_07_5min_window,RandomForest,0.24036561264822132,ECG,0.0031902624124846356,0.0056100227691797296,12,HF,0.013177088343755007
setup_07_5min_window_real_level_times,RandomForest,0.24036561264822132,ECG,0.0031902624124846356,0.0056100227691797296,12,HF,0.013177088343755007
setup_09_heartpy,RandomForest,0.374,ECG,-0.008815014938706097,0.004056036040126756,4,SDNN,-0.003708435947148615
setup_09_heartpy_real_level_times,RandomForest,0.374,ECG,-0.008815014938706097,0.004056036040126756,4,SDNN,-0.003708435947148615
setup_11_raw_geq_without_time_distortion,RandomForest,0.6251492002864645,ECG,5.5467680467680015e-05,0.0036282364684460514,12,pNN50,0.007101287601287601
setup_11_raw_geq_without_time_distortion,LogisticRegression,0.57824063022201,ECG,-0.009433291245791245,0.0055065543667921135,12,VLF,0.0
setup_11_raw_geq_without_time_distortion,XGBoost,0.5519216996896634,ECG,0.0008457769082769096,0.003921341990625801,12,LF_HF,0.007924270174270175
setup_11_raw_geq_without_time_distortion_real_level_times,RandomForest,0.5548682703321879,ECG,0.0033171663531208016,0.003781221150186914,12,pNN50,0.00945807935291135
setup_11_raw_geq_without_time_distortion_real_level_times,LogisticRegression,0.5757159221076746,ECG,0.002282415687670781,0.007684787366970129,12,TP,0.018902811349951754
setup_11_raw_geq_without_time_distortion_real_level_times,XGBoost,0.5278350515463918,ECG,-0.004118198234949602,0.0037903955282371816,12,DFA_alpha2,0.0
setup_12_biraffe2_baseline_correction,RandomForest,0.6725528140622481,ECG,-0.003268216586602237,0.0026908069600111804,12,LF_HF,0.00048544131503772586
setup_12_biraffe2_baseline_correction,LogisticRegression,0.6636832768908242,ECG,0.006573383641769292,0.007429483744027424,12,LF,0.02347111035451843
setup_12_biraffe2_baseline_correction,XGBoost,0.6657797129495242,ECG,-0.0034021596241327174,0.0030140556654196346,12,DFA_alpha1,0.0005902318906803228
setup_12_biraffe2_baseline_correction,kNN,0.6069585550717627,ECG,0.004259885605177084,0.0044410299149121625,12,SDNN,0.010603701231503922
setup_12_biraffe2_baseline_correction,SVM,0.6756974681502983,ECG,0.0024838875623628986,0.005083154876556273,12,LF,0.013256026484726034
setup_12_biraffe2_baseline_correction_real_level_times,RandomForest,0.6640037593984962,ECG,-0.0028828683840761136,0.002519219249890761,12,HF,0.0008493090377148357
setup_12_biraffe2_baseline_correction_real_level_times,LogisticRegression,0.64953007518797,ECG,0.005020030962059948,0.006222588448265267,12,LF,0.017667858175104554
setup_12_biraffe2_baseline_correction_real_level_times,XGBoost,0.6296052631578947,ECG,0.00025874979377394806,0.0020581420537584944,12,TP,0.004392920552340843
setup_12_biraffe2_baseline_correction_real_level_times,kNN,0.6100563909774436,ECG,-0.0015304339156996156,0.00601763960576018,12,TP,0.010781679404867812
setup_12_biraffe2_baseline_correction_real_level_times,SVM,0.6333176691729324,ECG,-0.004533249672138561,0.003949611765682143,12,hr_mean,0.0012279910105997076
