experiment,modality,model,accuracy,f1_macro,auc,n,grid_search_model,grid_search_auc,extreme_model,extreme_auc,extreme_n,accuracy_none,f1_macro_none,auc_none,n_none,grid_search_model_none,grid_search_auc_none
setup_08b_irshad_physf_ecg_only,ECG only,RandomForest,0.6800,0.6667,0.7115,25,,,,,,,,,,,
setup_08b_irshad_physf_ecg_only,ECG only,SVM,0.6000,0.5942,0.6346,25,,,,,,,,,,,
setup_08b_irshad_physf_ecg_only,ECG only,XGBoost,0.6800,0.6667,0.6154,25,,,,,,,,,,,
setup_08b_irshad_physf_ecg_only,ECG only,MLP,0.5200,0.5000,0.5897,25,,,,,,,,,,,
setup_08b_irshad_physf_ecg_only,ECG only,LSTM,0.5200,0.4792,0.5192,25,,,,,,,,,,,
setup_08b_irshad_physf_ecg_only,ECG only,LogisticRegression,0.4800,0.4767,0.4487,25,,,,,,,,,,,
setup_08b_irshad_physf_ecg_only,ECG only,CNN1D,0.4400,0.4318,0.3590,25,,,,,,,,,,,
setup_08b_irshad_physf_ecg_only,ECG only,kNN,0.4000,0.3842,0.3558,25,,,,,,,,,,,
setup_08a_irshad_physf_ecg_eda,ECG+EDA,kNN,0.2778,0.2755,0.3333,18,,,,,,,,,,,
setup_08a_irshad_physf_ecg_eda,ECG+EDA,CNN1D,0.4444,0.4444,0.3333,18,,,,,,,,,,,
setup_08a_irshad_physf_ecg_eda,ECG+EDA,RandomForest,0.3333,0.3250,0.2963,18,,,,,,,,,,,
setup_08a_irshad_physf_ecg_eda,ECG+EDA,XGBoost,0.3333,0.3250,0.2593,18,,,,,,,,,,,
setup_08a_irshad_physf_ecg_eda,ECG+EDA,LogisticRegression,0.2778,0.2755,0.2099,18,,,,,,,,,,,
setup_08a_irshad_physf_ecg_eda,ECG+EDA,MLP,0.4444,0.4444,0.2099,18,,,,,,,,,,,
setup_08a_irshad_physf_ecg_eda,ECG+EDA,SVM,0.2778,0.2755,0.1605,18,,,,,,,,,,,
setup_08a_irshad_physf_ecg_eda,ECG+EDA,LSTM,0.3333,0.3250,0.1605,18,,,,,,,,,,,
setup_08_irshad_physf,ECG+EDA+EEG,RandomForest,0.6667,0.6494,0.8889,9,RandomForest,0.8889,,,,,0.480,0.4482,0.4038,25,RandomForest,0.4038
setup_08_irshad_physf,ECG+EDA+EEG,XGBoost,0.6667,0.6494,0.7778,9,,,,,,,,,,,,
setup_08_irshad_physf,ECG+EDA+EEG,LSTM,0.6667,0.5846,0.6667,9,,,,,,,,,,,,
setup_08_irshad_physf,ECG+EDA+EEG,LogisticRegression,0.5556,0.5000,0.6111,9,,,,,,,,,,,,
setup_08_irshad_physf,ECG+EDA+EEG,MLP,0.5556,0.5000,0.6111,9,,,,,,,,,,,,
setup_08_irshad_physf,ECG+EDA+EEG,SVM,0.4444,0.3077,0.5556,9,,,,,,,,,,,,
setup_08_irshad_physf,ECG+EDA+EEG,kNN,0.6667,0.5846,0.5556,9,,,,,,,,,,,,
setup_08_irshad_physf,ECG+EDA+EEG,CNN1D,0.4444,0.4156,0.4444,9,,,,,,,,,,,,
